X - test,Y - test,Delta Y (Abweichung),Funktion - y2
-16.5,-1.3256714,0.6232743500000001,-0.70239705
-7.8,-0.17285825,0.22681367,0.05395542
-7.0,1.0312804,0.27737813999999994,0.75390226
-3.8,-0.6867566,0.1042111,-0.7909677
0.1,0.4701114,0.5248927999999999,0.9950042
4.7,-0.62903035,0.616641687,-0.012388663
11.6,0.6526604,0.08437075999999999,0.56828964
17.9,1.154942,0.5728977599999999,0.58204424
19.7,0.6294186,0.03023082999999993,0.65964943
