X - test,Y - test,Delta Y (Abweichung),Funktion - y11
-11.5,-11.129228,0.37077200000000055,-11.5
-0.5,-0.8285563,0.3285563,-0.5
0.1,0.4701114,0.3701114,0.1
2.9,3.3941772,0.4941772000000002,2.9
