X - test,Y - test,Delta Y (Abweichung),Funktion - y33
-17.5,17.754583,0.11230400000000174,17.642279
-13.8,13.655836,0.32414899999999847,13.979985
-1.7,2.3751493,0.4337651,2.8089144
2.9,3.3941772,0.26778959999999996,3.6619668
