x,Y (Ideal Funktion),Y1 (Test Funktion),Delta Y (Abweichung),Nummer der Idealen Funktion,criteria
-17.5,17.642279,17.754583,0.11230400000000174,y33,True
-13.8,13.979985,13.655836,0.32414899999999847,y33,True
-1.7,2.8089144,2.3751493,0.4337651,y33,True
2.9,3.6619668,3.3941772,0.26778959999999996,y33,True
