x,Y (Ideal Funktion),Y1 (Test Funktion),Delta Y (Abweichung),Nummer der Idealen Funktion,criteria
-11.5,-11.5,-11.129228,0.37077200000000055,y11,True
-0.5,-0.5,-0.8285563,0.3285563,y11,True
0.1,0.1,0.4701114,0.3701114,y11,True
2.9,2.9,3.3941772,0.4941772000000002,y11,True
