x,Y (Ideal Funktion),Y1 (Test Funktion),Delta Y (Abweichung),Nummer der Idealen Funktion,criteria
-3.2,16.0,16.13856,0.13855999999999824,y36,True
0.1,0.5,0.4701114,0.029888599999999987,y36,True
1.6,8.0,8.068539,0.06853899999999946,y36,True
