X - test,Y - test,Delta Y (Abweichung),Funktion - y36
-3.2,16.13856,0.13855999999999824,16.0
0.1,0.4701114,0.029888599999999987,0.5
1.6,8.068539,0.06853899999999946,8.0
